Event,subcl,eta_center,phi_center,time_center,eta_sig,phi_sig,etaphi_cov,timeeta_cov,energy,sw+,label
0,0,1.34599,4.76583,-0.134398,0.0202284,0.071385,-0.199822,-0.311542,56.2088,1.36153,1
18,0,-0.27991,0.271073,0.142891,0.020352,0.0187308,-0.0586747,-0.245423,59.692,0.423718,1
27,0,0.697378,4.77371,0.00732956,0.0183338,0.0190999,0.00575583,-0.00119327,408.283,0.190252,1
